-- Auto-generated 1000-line SQL fixture for benchmark testing

CREATE TABLE bench_table_1 (
    id bigint GENERATED ALWAYS AS IDENTITY PRIMARY KEY,
    name text NOT NULL,
    value numeric(12, 2) DEFAULT 0,
    status text DEFAULT 'active',
    created_at timestamptz NOT NULL DEFAULT now(),
    updated_at timestamptz
);

CREATE TABLE bench_table_2 (
    id bigint GENERATED ALWAYS AS IDENTITY PRIMARY KEY,
    name text NOT NULL,
    value numeric(12, 2) DEFAULT 0,
    status text DEFAULT 'active',
    created_at timestamptz NOT NULL DEFAULT now(),
    updated_at timestamptz
);

CREATE TABLE bench_table_3 (
    id bigint GENERATED ALWAYS AS IDENTITY PRIMARY KEY,
    name text NOT NULL,
    value numeric(12, 2) DEFAULT 0,
    status text DEFAULT 'active',
    created_at timestamptz NOT NULL DEFAULT now(),
    updated_at timestamptz
);

CREATE TABLE bench_table_4 (
    id bigint GENERATED ALWAYS AS IDENTITY PRIMARY KEY,
    name text NOT NULL,
    value numeric(12, 2) DEFAULT 0,
    status text DEFAULT 'active',
    created_at timestamptz NOT NULL DEFAULT now(),
    updated_at timestamptz
);

CREATE TABLE bench_table_5 (
    id bigint GENERATED ALWAYS AS IDENTITY PRIMARY KEY,
    name text NOT NULL,
    value numeric(12, 2) DEFAULT 0,
    status text DEFAULT 'active',
    created_at timestamptz NOT NULL DEFAULT now(),
    updated_at timestamptz
);

CREATE TABLE bench_table_6 (
    id bigint GENERATED ALWAYS AS IDENTITY PRIMARY KEY,
    name text NOT NULL,
    value numeric(12, 2) DEFAULT 0,
    status text DEFAULT 'active',
    created_at timestamptz NOT NULL DEFAULT now(),
    updated_at timestamptz
);

CREATE TABLE bench_table_7 (
    id bigint GENERATED ALWAYS AS IDENTITY PRIMARY KEY,
    name text NOT NULL,
    value numeric(12, 2) DEFAULT 0,
    status text DEFAULT 'active',
    created_at timestamptz NOT NULL DEFAULT now(),
    updated_at timestamptz
);

CREATE TABLE bench_table_8 (
    id bigint GENERATED ALWAYS AS IDENTITY PRIMARY KEY,
    name text NOT NULL,
    value numeric(12, 2) DEFAULT 0,
    status text DEFAULT 'active',
    created_at timestamptz NOT NULL DEFAULT now(),
    updated_at timestamptz
);

CREATE TABLE bench_table_9 (
    id bigint GENERATED ALWAYS AS IDENTITY PRIMARY KEY,
    name text NOT NULL,
    value numeric(12, 2) DEFAULT 0,
    status text DEFAULT 'active',
    created_at timestamptz NOT NULL DEFAULT now(),
    updated_at timestamptz
);

CREATE TABLE bench_table_10 (
    id bigint GENERATED ALWAYS AS IDENTITY PRIMARY KEY,
    name text NOT NULL,
    value numeric(12, 2) DEFAULT 0,
    status text DEFAULT 'active',
    created_at timestamptz NOT NULL DEFAULT now(),
    updated_at timestamptz
);

CREATE TABLE bench_table_11 (
    id bigint GENERATED ALWAYS AS IDENTITY PRIMARY KEY,
    name text NOT NULL,
    value numeric(12, 2) DEFAULT 0,
    status text DEFAULT 'active',
    created_at timestamptz NOT NULL DEFAULT now(),
    updated_at timestamptz
);

CREATE TABLE bench_table_12 (
    id bigint GENERATED ALWAYS AS IDENTITY PRIMARY KEY,
    name text NOT NULL,
    value numeric(12, 2) DEFAULT 0,
    status text DEFAULT 'active',
    created_at timestamptz NOT NULL DEFAULT now(),
    updated_at timestamptz
);

CREATE TABLE bench_table_13 (
    id bigint GENERATED ALWAYS AS IDENTITY PRIMARY KEY,
    name text NOT NULL,
    value numeric(12, 2) DEFAULT 0,
    status text DEFAULT 'active',
    created_at timestamptz NOT NULL DEFAULT now(),
    updated_at timestamptz
);

CREATE TABLE bench_table_14 (
    id bigint GENERATED ALWAYS AS IDENTITY PRIMARY KEY,
    name text NOT NULL,
    value numeric(12, 2) DEFAULT 0,
    status text DEFAULT 'active',
    created_at timestamptz NOT NULL DEFAULT now(),
    updated_at timestamptz
);

CREATE TABLE bench_table_15 (
    id bigint GENERATED ALWAYS AS IDENTITY PRIMARY KEY,
    name text NOT NULL,
    value numeric(12, 2) DEFAULT 0,
    status text DEFAULT 'active',
    created_at timestamptz NOT NULL DEFAULT now(),
    updated_at timestamptz
);

CREATE TABLE bench_table_16 (
    id bigint GENERATED ALWAYS AS IDENTITY PRIMARY KEY,
    name text NOT NULL,
    value numeric(12, 2) DEFAULT 0,
    status text DEFAULT 'active',
    created_at timestamptz NOT NULL DEFAULT now(),
    updated_at timestamptz
);

CREATE TABLE bench_table_17 (
    id bigint GENERATED ALWAYS AS IDENTITY PRIMARY KEY,
    name text NOT NULL,
    value numeric(12, 2) DEFAULT 0,
    status text DEFAULT 'active',
    created_at timestamptz NOT NULL DEFAULT now(),
    updated_at timestamptz
);

CREATE TABLE bench_table_18 (
    id bigint GENERATED ALWAYS AS IDENTITY PRIMARY KEY,
    name text NOT NULL,
    value numeric(12, 2) DEFAULT 0,
    status text DEFAULT 'active',
    created_at timestamptz NOT NULL DEFAULT now(),
    updated_at timestamptz
);

CREATE TABLE bench_table_19 (
    id bigint GENERATED ALWAYS AS IDENTITY PRIMARY KEY,
    name text NOT NULL,
    value numeric(12, 2) DEFAULT 0,
    status text DEFAULT 'active',
    created_at timestamptz NOT NULL DEFAULT now(),
    updated_at timestamptz
);

CREATE TABLE bench_table_20 (
    id bigint GENERATED ALWAYS AS IDENTITY PRIMARY KEY,
    name text NOT NULL,
    value numeric(12, 2) DEFAULT 0,
    status text DEFAULT 'active',
    created_at timestamptz NOT NULL DEFAULT now(),
    updated_at timestamptz
);

CREATE TABLE bench_table_21 (
    id bigint GENERATED ALWAYS AS IDENTITY PRIMARY KEY,
    name text NOT NULL,
    value numeric(12, 2) DEFAULT 0,
    status text DEFAULT 'active',
    created_at timestamptz NOT NULL DEFAULT now(),
    updated_at timestamptz
);

CREATE TABLE bench_table_22 (
    id bigint GENERATED ALWAYS AS IDENTITY PRIMARY KEY,
    name text NOT NULL,
    value numeric(12, 2) DEFAULT 0,
    status text DEFAULT 'active',
    created_at timestamptz NOT NULL DEFAULT now(),
    updated_at timestamptz
);

CREATE TABLE bench_table_23 (
    id bigint GENERATED ALWAYS AS IDENTITY PRIMARY KEY,
    name text NOT NULL,
    value numeric(12, 2) DEFAULT 0,
    status text DEFAULT 'active',
    created_at timestamptz NOT NULL DEFAULT now(),
    updated_at timestamptz
);

CREATE TABLE bench_table_24 (
    id bigint GENERATED ALWAYS AS IDENTITY PRIMARY KEY,
    name text NOT NULL,
    value numeric(12, 2) DEFAULT 0,
    status text DEFAULT 'active',
    created_at timestamptz NOT NULL DEFAULT now(),
    updated_at timestamptz
);

CREATE TABLE bench_table_25 (
    id bigint GENERATED ALWAYS AS IDENTITY PRIMARY KEY,
    name text NOT NULL,
    value numeric(12, 2) DEFAULT 0,
    status text DEFAULT 'active',
    created_at timestamptz NOT NULL DEFAULT now(),
    updated_at timestamptz
);

CREATE TABLE bench_table_26 (
    id bigint GENERATED ALWAYS AS IDENTITY PRIMARY KEY,
    name text NOT NULL,
    value numeric(12, 2) DEFAULT 0,
    status text DEFAULT 'active',
    created_at timestamptz NOT NULL DEFAULT now(),
    updated_at timestamptz
);

CREATE TABLE bench_table_27 (
    id bigint GENERATED ALWAYS AS IDENTITY PRIMARY KEY,
    name text NOT NULL,
    value numeric(12, 2) DEFAULT 0,
    status text DEFAULT 'active',
    created_at timestamptz NOT NULL DEFAULT now(),
    updated_at timestamptz
);

CREATE TABLE bench_table_28 (
    id bigint GENERATED ALWAYS AS IDENTITY PRIMARY KEY,
    name text NOT NULL,
    value numeric(12, 2) DEFAULT 0,
    status text DEFAULT 'active',
    created_at timestamptz NOT NULL DEFAULT now(),
    updated_at timestamptz
);

CREATE TABLE bench_table_29 (
    id bigint GENERATED ALWAYS AS IDENTITY PRIMARY KEY,
    name text NOT NULL,
    value numeric(12, 2) DEFAULT 0,
    status text DEFAULT 'active',
    created_at timestamptz NOT NULL DEFAULT now(),
    updated_at timestamptz
);

CREATE TABLE bench_table_30 (
    id bigint GENERATED ALWAYS AS IDENTITY PRIMARY KEY,
    name text NOT NULL,
    value numeric(12, 2) DEFAULT 0,
    status text DEFAULT 'active',
    created_at timestamptz NOT NULL DEFAULT now(),
    updated_at timestamptz
);

CREATE TABLE bench_table_31 (
    id bigint GENERATED ALWAYS AS IDENTITY PRIMARY KEY,
    name text NOT NULL,
    value numeric(12, 2) DEFAULT 0,
    status text DEFAULT 'active',
    created_at timestamptz NOT NULL DEFAULT now(),
    updated_at timestamptz
);

CREATE TABLE bench_table_32 (
    id bigint GENERATED ALWAYS AS IDENTITY PRIMARY KEY,
    name text NOT NULL,
    value numeric(12, 2) DEFAULT 0,
    status text DEFAULT 'active',
    created_at timestamptz NOT NULL DEFAULT now(),
    updated_at timestamptz
);

CREATE TABLE bench_table_33 (
    id bigint GENERATED ALWAYS AS IDENTITY PRIMARY KEY,
    name text NOT NULL,
    value numeric(12, 2) DEFAULT 0,
    status text DEFAULT 'active',
    created_at timestamptz NOT NULL DEFAULT now(),
    updated_at timestamptz
);

CREATE TABLE bench_table_34 (
    id bigint GENERATED ALWAYS AS IDENTITY PRIMARY KEY,
    name text NOT NULL,
    value numeric(12, 2) DEFAULT 0,
    status text DEFAULT 'active',
    created_at timestamptz NOT NULL DEFAULT now(),
    updated_at timestamptz
);

CREATE TABLE bench_table_35 (
    id bigint GENERATED ALWAYS AS IDENTITY PRIMARY KEY,
    name text NOT NULL,
    value numeric(12, 2) DEFAULT 0,
    status text DEFAULT 'active',
    created_at timestamptz NOT NULL DEFAULT now(),
    updated_at timestamptz
);

CREATE TABLE bench_table_36 (
    id bigint GENERATED ALWAYS AS IDENTITY PRIMARY KEY,
    name text NOT NULL,
    value numeric(12, 2) DEFAULT 0,
    status text DEFAULT 'active',
    created_at timestamptz NOT NULL DEFAULT now(),
    updated_at timestamptz
);

CREATE TABLE bench_table_37 (
    id bigint GENERATED ALWAYS AS IDENTITY PRIMARY KEY,
    name text NOT NULL,
    value numeric(12, 2) DEFAULT 0,
    status text DEFAULT 'active',
    created_at timestamptz NOT NULL DEFAULT now(),
    updated_at timestamptz
);

CREATE TABLE bench_table_38 (
    id bigint GENERATED ALWAYS AS IDENTITY PRIMARY KEY,
    name text NOT NULL,
    value numeric(12, 2) DEFAULT 0,
    status text DEFAULT 'active',
    created_at timestamptz NOT NULL DEFAULT now(),
    updated_at timestamptz
);

CREATE TABLE bench_table_39 (
    id bigint GENERATED ALWAYS AS IDENTITY PRIMARY KEY,
    name text NOT NULL,
    value numeric(12, 2) DEFAULT 0,
    status text DEFAULT 'active',
    created_at timestamptz NOT NULL DEFAULT now(),
    updated_at timestamptz
);

CREATE TABLE bench_table_40 (
    id bigint GENERATED ALWAYS AS IDENTITY PRIMARY KEY,
    name text NOT NULL,
    value numeric(12, 2) DEFAULT 0,
    status text DEFAULT 'active',
    created_at timestamptz NOT NULL DEFAULT now(),
    updated_at timestamptz
);

CREATE TABLE bench_table_41 (
    id bigint GENERATED ALWAYS AS IDENTITY PRIMARY KEY,
    name text NOT NULL,
    value numeric(12, 2) DEFAULT 0,
    status text DEFAULT 'active',
    created_at timestamptz NOT NULL DEFAULT now(),
    updated_at timestamptz
);

CREATE TABLE bench_table_42 (
    id bigint GENERATED ALWAYS AS IDENTITY PRIMARY KEY,
    name text NOT NULL,
    value numeric(12, 2) DEFAULT 0,
    status text DEFAULT 'active',
    created_at timestamptz NOT NULL DEFAULT now(),
    updated_at timestamptz
);

CREATE TABLE bench_table_43 (
    id bigint GENERATED ALWAYS AS IDENTITY PRIMARY KEY,
    name text NOT NULL,
    value numeric(12, 2) DEFAULT 0,
    status text DEFAULT 'active',
    created_at timestamptz NOT NULL DEFAULT now(),
    updated_at timestamptz
);

CREATE TABLE bench_table_44 (
    id bigint GENERATED ALWAYS AS IDENTITY PRIMARY KEY,
    name text NOT NULL,
    value numeric(12, 2) DEFAULT 0,
    status text DEFAULT 'active',
    created_at timestamptz NOT NULL DEFAULT now(),
    updated_at timestamptz
);

CREATE TABLE bench_table_45 (
    id bigint GENERATED ALWAYS AS IDENTITY PRIMARY KEY,
    name text NOT NULL,
    value numeric(12, 2) DEFAULT 0,
    status text DEFAULT 'active',
    created_at timestamptz NOT NULL DEFAULT now(),
    updated_at timestamptz
);

CREATE TABLE bench_table_46 (
    id bigint GENERATED ALWAYS AS IDENTITY PRIMARY KEY,
    name text NOT NULL,
    value numeric(12, 2) DEFAULT 0,
    status text DEFAULT 'active',
    created_at timestamptz NOT NULL DEFAULT now(),
    updated_at timestamptz
);

CREATE TABLE bench_table_47 (
    id bigint GENERATED ALWAYS AS IDENTITY PRIMARY KEY,
    name text NOT NULL,
    value numeric(12, 2) DEFAULT 0,
    status text DEFAULT 'active',
    created_at timestamptz NOT NULL DEFAULT now(),
    updated_at timestamptz
);

CREATE TABLE bench_table_48 (
    id bigint GENERATED ALWAYS AS IDENTITY PRIMARY KEY,
    name text NOT NULL,
    value numeric(12, 2) DEFAULT 0,
    status text DEFAULT 'active',
    created_at timestamptz NOT NULL DEFAULT now(),
    updated_at timestamptz
);

CREATE TABLE bench_table_49 (
    id bigint GENERATED ALWAYS AS IDENTITY PRIMARY KEY,
    name text NOT NULL,
    value numeric(12, 2) DEFAULT 0,
    status text DEFAULT 'active',
    created_at timestamptz NOT NULL DEFAULT now(),
    updated_at timestamptz
);

CREATE TABLE bench_table_50 (
    id bigint GENERATED ALWAYS AS IDENTITY PRIMARY KEY,
    name text NOT NULL,
    value numeric(12, 2) DEFAULT 0,
    status text DEFAULT 'active',
    created_at timestamptz NOT NULL DEFAULT now(),
    updated_at timestamptz
);

CREATE INDEX idx_bench_table_1_name ON bench_table_1 (name);
CREATE INDEX idx_bench_table_2_name ON bench_table_2 (name);
CREATE INDEX idx_bench_table_3_name ON bench_table_3 (name);
CREATE INDEX idx_bench_table_4_name ON bench_table_4 (name);
CREATE INDEX idx_bench_table_5_name ON bench_table_5 (name);
CREATE INDEX idx_bench_table_6_name ON bench_table_6 (name);
CREATE INDEX idx_bench_table_7_name ON bench_table_7 (name);
CREATE INDEX idx_bench_table_8_name ON bench_table_8 (name);
CREATE INDEX idx_bench_table_9_name ON bench_table_9 (name);
CREATE INDEX idx_bench_table_10_name ON bench_table_10 (name);
CREATE INDEX idx_bench_table_11_name ON bench_table_11 (name);
CREATE INDEX idx_bench_table_12_name ON bench_table_12 (name);
CREATE INDEX idx_bench_table_13_name ON bench_table_13 (name);
CREATE INDEX idx_bench_table_14_name ON bench_table_14 (name);
CREATE INDEX idx_bench_table_15_name ON bench_table_15 (name);
CREATE INDEX idx_bench_table_16_name ON bench_table_16 (name);
CREATE INDEX idx_bench_table_17_name ON bench_table_17 (name);
CREATE INDEX idx_bench_table_18_name ON bench_table_18 (name);
CREATE INDEX idx_bench_table_19_name ON bench_table_19 (name);
CREATE INDEX idx_bench_table_20_name ON bench_table_20 (name);
CREATE INDEX idx_bench_table_21_name ON bench_table_21 (name);
CREATE INDEX idx_bench_table_22_name ON bench_table_22 (name);
CREATE INDEX idx_bench_table_23_name ON bench_table_23 (name);
CREATE INDEX idx_bench_table_24_name ON bench_table_24 (name);
CREATE INDEX idx_bench_table_25_name ON bench_table_25 (name);
CREATE INDEX idx_bench_table_26_name ON bench_table_26 (name);
CREATE INDEX idx_bench_table_27_name ON bench_table_27 (name);
CREATE INDEX idx_bench_table_28_name ON bench_table_28 (name);
CREATE INDEX idx_bench_table_29_name ON bench_table_29 (name);
CREATE INDEX idx_bench_table_30_name ON bench_table_30 (name);
CREATE INDEX idx_bench_table_31_name ON bench_table_31 (name);
CREATE INDEX idx_bench_table_32_name ON bench_table_32 (name);
CREATE INDEX idx_bench_table_33_name ON bench_table_33 (name);
CREATE INDEX idx_bench_table_34_name ON bench_table_34 (name);
CREATE INDEX idx_bench_table_35_name ON bench_table_35 (name);
CREATE INDEX idx_bench_table_36_name ON bench_table_36 (name);
CREATE INDEX idx_bench_table_37_name ON bench_table_37 (name);
CREATE INDEX idx_bench_table_38_name ON bench_table_38 (name);
CREATE INDEX idx_bench_table_39_name ON bench_table_39 (name);
CREATE INDEX idx_bench_table_40_name ON bench_table_40 (name);
CREATE INDEX idx_bench_table_41_name ON bench_table_41 (name);
CREATE INDEX idx_bench_table_42_name ON bench_table_42 (name);
CREATE INDEX idx_bench_table_43_name ON bench_table_43 (name);
CREATE INDEX idx_bench_table_44_name ON bench_table_44 (name);
CREATE INDEX idx_bench_table_45_name ON bench_table_45 (name);
CREATE INDEX idx_bench_table_46_name ON bench_table_46 (name);
CREATE INDEX idx_bench_table_47_name ON bench_table_47 (name);
CREATE INDEX idx_bench_table_48_name ON bench_table_48 (name);
CREATE INDEX idx_bench_table_49_name ON bench_table_49 (name);
CREATE INDEX idx_bench_table_50_name ON bench_table_50 (name);

CREATE OR REPLACE FUNCTION bench_func_1(p_id bigint)
RETURNS void AS $$
BEGIN
    UPDATE bench_table_1 SET updated_at = now() WHERE id = p_id;
    IF NOT FOUND THEN
        RAISE NOTICE 'Record % not found in bench_table_1', p_id;
    END IF;
END;
$$ LANGUAGE plpgsql;

CREATE OR REPLACE FUNCTION bench_func_2(p_id bigint)
RETURNS void AS $$
BEGIN
    UPDATE bench_table_2 SET updated_at = now() WHERE id = p_id;
    IF NOT FOUND THEN
        RAISE NOTICE 'Record % not found in bench_table_2', p_id;
    END IF;
END;
$$ LANGUAGE plpgsql;

CREATE OR REPLACE FUNCTION bench_func_3(p_id bigint)
RETURNS void AS $$
BEGIN
    UPDATE bench_table_3 SET updated_at = now() WHERE id = p_id;
    IF NOT FOUND THEN
        RAISE NOTICE 'Record % not found in bench_table_3', p_id;
    END IF;
END;
$$ LANGUAGE plpgsql;

CREATE OR REPLACE FUNCTION bench_func_4(p_id bigint)
RETURNS void AS $$
BEGIN
    UPDATE bench_table_4 SET updated_at = now() WHERE id = p_id;
    IF NOT FOUND THEN
        RAISE NOTICE 'Record % not found in bench_table_4', p_id;
    END IF;
END;
$$ LANGUAGE plpgsql;

CREATE OR REPLACE FUNCTION bench_func_5(p_id bigint)
RETURNS void AS $$
BEGIN
    UPDATE bench_table_5 SET updated_at = now() WHERE id = p_id;
    IF NOT FOUND THEN
        RAISE NOTICE 'Record % not found in bench_table_5', p_id;
    END IF;
END;
$$ LANGUAGE plpgsql;

CREATE OR REPLACE FUNCTION bench_func_6(p_id bigint)
RETURNS void AS $$
BEGIN
    UPDATE bench_table_6 SET updated_at = now() WHERE id = p_id;
    IF NOT FOUND THEN
        RAISE NOTICE 'Record % not found in bench_table_6', p_id;
    END IF;
END;
$$ LANGUAGE plpgsql;

CREATE OR REPLACE FUNCTION bench_func_7(p_id bigint)
RETURNS void AS $$
BEGIN
    UPDATE bench_table_7 SET updated_at = now() WHERE id = p_id;
    IF NOT FOUND THEN
        RAISE NOTICE 'Record % not found in bench_table_7', p_id;
    END IF;
END;
$$ LANGUAGE plpgsql;

CREATE OR REPLACE FUNCTION bench_func_8(p_id bigint)
RETURNS void AS $$
BEGIN
    UPDATE bench_table_8 SET updated_at = now() WHERE id = p_id;
    IF NOT FOUND THEN
        RAISE NOTICE 'Record % not found in bench_table_8', p_id;
    END IF;
END;
$$ LANGUAGE plpgsql;

CREATE OR REPLACE FUNCTION bench_func_9(p_id bigint)
RETURNS void AS $$
BEGIN
    UPDATE bench_table_9 SET updated_at = now() WHERE id = p_id;
    IF NOT FOUND THEN
        RAISE NOTICE 'Record % not found in bench_table_9', p_id;
    END IF;
END;
$$ LANGUAGE plpgsql;

CREATE OR REPLACE FUNCTION bench_func_10(p_id bigint)
RETURNS void AS $$
BEGIN
    UPDATE bench_table_10 SET updated_at = now() WHERE id = p_id;
    IF NOT FOUND THEN
        RAISE NOTICE 'Record % not found in bench_table_10', p_id;
    END IF;
END;
$$ LANGUAGE plpgsql;

CREATE OR REPLACE FUNCTION bench_func_11(p_id bigint)
RETURNS void AS $$
BEGIN
    UPDATE bench_table_11 SET updated_at = now() WHERE id = p_id;
    IF NOT FOUND THEN
        RAISE NOTICE 'Record % not found in bench_table_11', p_id;
    END IF;
END;
$$ LANGUAGE plpgsql;

CREATE OR REPLACE FUNCTION bench_func_12(p_id bigint)
RETURNS void AS $$
BEGIN
    UPDATE bench_table_12 SET updated_at = now() WHERE id = p_id;
    IF NOT FOUND THEN
        RAISE NOTICE 'Record % not found in bench_table_12', p_id;
    END IF;
END;
$$ LANGUAGE plpgsql;

CREATE OR REPLACE FUNCTION bench_func_13(p_id bigint)
RETURNS void AS $$
BEGIN
    UPDATE bench_table_13 SET updated_at = now() WHERE id = p_id;
    IF NOT FOUND THEN
        RAISE NOTICE 'Record % not found in bench_table_13', p_id;
    END IF;
END;
$$ LANGUAGE plpgsql;

CREATE OR REPLACE FUNCTION bench_func_14(p_id bigint)
RETURNS void AS $$
BEGIN
    UPDATE bench_table_14 SET updated_at = now() WHERE id = p_id;
    IF NOT FOUND THEN
        RAISE NOTICE 'Record % not found in bench_table_14', p_id;
    END IF;
END;
$$ LANGUAGE plpgsql;

CREATE OR REPLACE FUNCTION bench_func_15(p_id bigint)
RETURNS void AS $$
BEGIN
    UPDATE bench_table_15 SET updated_at = now() WHERE id = p_id;
    IF NOT FOUND THEN
        RAISE NOTICE 'Record % not found in bench_table_15', p_id;
    END IF;
END;
$$ LANGUAGE plpgsql;

CREATE OR REPLACE FUNCTION bench_func_16(p_id bigint)
RETURNS void AS $$
BEGIN
    UPDATE bench_table_16 SET updated_at = now() WHERE id = p_id;
    IF NOT FOUND THEN
        RAISE NOTICE 'Record % not found in bench_table_16', p_id;
    END IF;
END;
$$ LANGUAGE plpgsql;

CREATE OR REPLACE FUNCTION bench_func_17(p_id bigint)
RETURNS void AS $$
BEGIN
    UPDATE bench_table_17 SET updated_at = now() WHERE id = p_id;
    IF NOT FOUND THEN
        RAISE NOTICE 'Record % not found in bench_table_17', p_id;
    END IF;
END;
$$ LANGUAGE plpgsql;

CREATE OR REPLACE FUNCTION bench_func_18(p_id bigint)
RETURNS void AS $$
BEGIN
    UPDATE bench_table_18 SET updated_at = now() WHERE id = p_id;
    IF NOT FOUND THEN
        RAISE NOTICE 'Record % not found in bench_table_18', p_id;
    END IF;
END;
$$ LANGUAGE plpgsql;

CREATE OR REPLACE FUNCTION bench_func_19(p_id bigint)
RETURNS void AS $$
BEGIN
    UPDATE bench_table_19 SET updated_at = now() WHERE id = p_id;
    IF NOT FOUND THEN
        RAISE NOTICE 'Record % not found in bench_table_19', p_id;
    END IF;
END;
$$ LANGUAGE plpgsql;

CREATE OR REPLACE FUNCTION bench_func_20(p_id bigint)
RETURNS void AS $$
BEGIN
    UPDATE bench_table_20 SET updated_at = now() WHERE id = p_id;
    IF NOT FOUND THEN
        RAISE NOTICE 'Record % not found in bench_table_20', p_id;
    END IF;
END;
$$ LANGUAGE plpgsql;

CREATE VIEW bench_view_1 AS
SELECT a.id, a.name, b.value, a.created_at
FROM bench_table_1 a
JOIN bench_table_2 b ON b.id = a.id
WHERE a.status = 'active';

CREATE VIEW bench_view_2 AS
SELECT a.id, a.name, b.value, a.created_at
FROM bench_table_2 a
JOIN bench_table_3 b ON b.id = a.id
WHERE a.status = 'active';

CREATE VIEW bench_view_3 AS
SELECT a.id, a.name, b.value, a.created_at
FROM bench_table_3 a
JOIN bench_table_4 b ON b.id = a.id
WHERE a.status = 'active';

CREATE VIEW bench_view_4 AS
SELECT a.id, a.name, b.value, a.created_at
FROM bench_table_4 a
JOIN bench_table_5 b ON b.id = a.id
WHERE a.status = 'active';

CREATE VIEW bench_view_5 AS
SELECT a.id, a.name, b.value, a.created_at
FROM bench_table_5 a
JOIN bench_table_6 b ON b.id = a.id
WHERE a.status = 'active';

CREATE VIEW bench_view_6 AS
SELECT a.id, a.name, b.value, a.created_at
FROM bench_table_6 a
JOIN bench_table_7 b ON b.id = a.id
WHERE a.status = 'active';

CREATE VIEW bench_view_7 AS
SELECT a.id, a.name, b.value, a.created_at
FROM bench_table_7 a
JOIN bench_table_8 b ON b.id = a.id
WHERE a.status = 'active';

CREATE VIEW bench_view_8 AS
SELECT a.id, a.name, b.value, a.created_at
FROM bench_table_8 a
JOIN bench_table_9 b ON b.id = a.id
WHERE a.status = 'active';

CREATE VIEW bench_view_9 AS
SELECT a.id, a.name, b.value, a.created_at
FROM bench_table_9 a
JOIN bench_table_10 b ON b.id = a.id
WHERE a.status = 'active';

CREATE VIEW bench_view_10 AS
SELECT a.id, a.name, b.value, a.created_at
FROM bench_table_10 a
JOIN bench_table_11 b ON b.id = a.id
WHERE a.status = 'active';

CREATE VIEW bench_view_11 AS
SELECT a.id, a.name, b.value, a.created_at
FROM bench_table_11 a
JOIN bench_table_12 b ON b.id = a.id
WHERE a.status = 'active';

CREATE VIEW bench_view_12 AS
SELECT a.id, a.name, b.value, a.created_at
FROM bench_table_12 a
JOIN bench_table_13 b ON b.id = a.id
WHERE a.status = 'active';

CREATE VIEW bench_view_13 AS
SELECT a.id, a.name, b.value, a.created_at
FROM bench_table_13 a
JOIN bench_table_14 b ON b.id = a.id
WHERE a.status = 'active';

CREATE VIEW bench_view_14 AS
SELECT a.id, a.name, b.value, a.created_at
FROM bench_table_14 a
JOIN bench_table_15 b ON b.id = a.id
WHERE a.status = 'active';

CREATE VIEW bench_view_15 AS
SELECT a.id, a.name, b.value, a.created_at
FROM bench_table_15 a
JOIN bench_table_16 b ON b.id = a.id
WHERE a.status = 'active';

CREATE VIEW bench_view_16 AS
SELECT a.id, a.name, b.value, a.created_at
FROM bench_table_16 a
JOIN bench_table_17 b ON b.id = a.id
WHERE a.status = 'active';

CREATE VIEW bench_view_17 AS
SELECT a.id, a.name, b.value, a.created_at
FROM bench_table_17 a
JOIN bench_table_18 b ON b.id = a.id
WHERE a.status = 'active';

CREATE VIEW bench_view_18 AS
SELECT a.id, a.name, b.value, a.created_at
FROM bench_table_18 a
JOIN bench_table_19 b ON b.id = a.id
WHERE a.status = 'active';

CREATE VIEW bench_view_19 AS
SELECT a.id, a.name, b.value, a.created_at
FROM bench_table_19 a
JOIN bench_table_20 b ON b.id = a.id
WHERE a.status = 'active';

CREATE VIEW bench_view_20 AS
SELECT a.id, a.name, b.value, a.created_at
FROM bench_table_20 a
JOIN bench_table_21 b ON b.id = a.id
WHERE a.status = 'active';

ALTER TABLE bench_table_1 ADD COLUMN extra_col_1 text;
ALTER TABLE bench_table_1 ADD COLUMN score_1 integer DEFAULT 0;
ALTER TABLE bench_table_2 ADD COLUMN extra_col_2 text;
ALTER TABLE bench_table_2 ADD COLUMN score_2 integer DEFAULT 0;
ALTER TABLE bench_table_3 ADD COLUMN extra_col_3 text;
ALTER TABLE bench_table_3 ADD COLUMN score_3 integer DEFAULT 0;
ALTER TABLE bench_table_4 ADD COLUMN extra_col_4 text;
ALTER TABLE bench_table_4 ADD COLUMN score_4 integer DEFAULT 0;
ALTER TABLE bench_table_5 ADD COLUMN extra_col_5 text;
ALTER TABLE bench_table_5 ADD COLUMN score_5 integer DEFAULT 0;
ALTER TABLE bench_table_6 ADD COLUMN extra_col_6 text;
ALTER TABLE bench_table_6 ADD COLUMN score_6 integer DEFAULT 0;
ALTER TABLE bench_table_7 ADD COLUMN extra_col_7 text;
ALTER TABLE bench_table_7 ADD COLUMN score_7 integer DEFAULT 0;
ALTER TABLE bench_table_8 ADD COLUMN extra_col_8 text;
ALTER TABLE bench_table_8 ADD COLUMN score_8 integer DEFAULT 0;
ALTER TABLE bench_table_9 ADD COLUMN extra_col_9 text;
ALTER TABLE bench_table_9 ADD COLUMN score_9 integer DEFAULT 0;
ALTER TABLE bench_table_10 ADD COLUMN extra_col_10 text;
ALTER TABLE bench_table_10 ADD COLUMN score_10 integer DEFAULT 0;
ALTER TABLE bench_table_11 ADD COLUMN extra_col_11 text;
ALTER TABLE bench_table_11 ADD COLUMN score_11 integer DEFAULT 0;
ALTER TABLE bench_table_12 ADD COLUMN extra_col_12 text;
ALTER TABLE bench_table_12 ADD COLUMN score_12 integer DEFAULT 0;
ALTER TABLE bench_table_13 ADD COLUMN extra_col_13 text;
ALTER TABLE bench_table_13 ADD COLUMN score_13 integer DEFAULT 0;
ALTER TABLE bench_table_14 ADD COLUMN extra_col_14 text;
ALTER TABLE bench_table_14 ADD COLUMN score_14 integer DEFAULT 0;
ALTER TABLE bench_table_15 ADD COLUMN extra_col_15 text;
ALTER TABLE bench_table_15 ADD COLUMN score_15 integer DEFAULT 0;
ALTER TABLE bench_table_16 ADD COLUMN extra_col_16 text;
ALTER TABLE bench_table_16 ADD COLUMN score_16 integer DEFAULT 0;
ALTER TABLE bench_table_17 ADD COLUMN extra_col_17 text;
ALTER TABLE bench_table_17 ADD COLUMN score_17 integer DEFAULT 0;
ALTER TABLE bench_table_18 ADD COLUMN extra_col_18 text;
ALTER TABLE bench_table_18 ADD COLUMN score_18 integer DEFAULT 0;
ALTER TABLE bench_table_19 ADD COLUMN extra_col_19 text;
ALTER TABLE bench_table_19 ADD COLUMN score_19 integer DEFAULT 0;
ALTER TABLE bench_table_20 ADD COLUMN extra_col_20 text;
ALTER TABLE bench_table_20 ADD COLUMN score_20 integer DEFAULT 0;
ALTER TABLE bench_table_21 ADD COLUMN extra_col_21 text;
ALTER TABLE bench_table_21 ADD COLUMN score_21 integer DEFAULT 0;
ALTER TABLE bench_table_22 ADD COLUMN extra_col_22 text;
ALTER TABLE bench_table_22 ADD COLUMN score_22 integer DEFAULT 0;
ALTER TABLE bench_table_23 ADD COLUMN extra_col_23 text;
ALTER TABLE bench_table_23 ADD COLUMN score_23 integer DEFAULT 0;
ALTER TABLE bench_table_24 ADD COLUMN extra_col_24 text;
ALTER TABLE bench_table_24 ADD COLUMN score_24 integer DEFAULT 0;
ALTER TABLE bench_table_25 ADD COLUMN extra_col_25 text;
ALTER TABLE bench_table_25 ADD COLUMN score_25 integer DEFAULT 0;
ALTER TABLE bench_table_26 ADD COLUMN extra_col_26 text;
ALTER TABLE bench_table_26 ADD COLUMN score_26 integer DEFAULT 0;
ALTER TABLE bench_table_27 ADD COLUMN extra_col_27 text;
ALTER TABLE bench_table_27 ADD COLUMN score_27 integer DEFAULT 0;
ALTER TABLE bench_table_28 ADD COLUMN extra_col_28 text;
ALTER TABLE bench_table_28 ADD COLUMN score_28 integer DEFAULT 0;
ALTER TABLE bench_table_29 ADD COLUMN extra_col_29 text;
ALTER TABLE bench_table_29 ADD COLUMN score_29 integer DEFAULT 0;
ALTER TABLE bench_table_30 ADD COLUMN extra_col_30 text;
ALTER TABLE bench_table_30 ADD COLUMN score_30 integer DEFAULT 0;

INSERT INTO bench_table_1 (name, value, status) VALUES
    ('item_a', 10.50, 'active'),
    ('item_b', 20.75, 'inactive'),
    ('item_c', 30.00, 'active');
INSERT INTO bench_table_2 (name, value, status) VALUES
    ('item_a', 20.50, 'active'),
    ('item_b', 40.75, 'inactive'),
    ('item_c', 60.00, 'active');
INSERT INTO bench_table_3 (name, value, status) VALUES
    ('item_a', 30.50, 'active'),
    ('item_b', 60.75, 'inactive'),
    ('item_c', 90.00, 'active');
INSERT INTO bench_table_4 (name, value, status) VALUES
    ('item_a', 40.50, 'active'),
    ('item_b', 80.75, 'inactive'),
    ('item_c', 120.00, 'active');
INSERT INTO bench_table_5 (name, value, status) VALUES
    ('item_a', 50.50, 'active'),
    ('item_b', 100.75, 'inactive'),
    ('item_c', 150.00, 'active');
INSERT INTO bench_table_6 (name, value, status) VALUES
    ('item_a', 60.50, 'active'),
    ('item_b', 120.75, 'inactive'),
    ('item_c', 180.00, 'active');
INSERT INTO bench_table_7 (name, value, status) VALUES
    ('item_a', 70.50, 'active'),
    ('item_b', 140.75, 'inactive'),
    ('item_c', 210.00, 'active');
INSERT INTO bench_table_8 (name, value, status) VALUES
    ('item_a', 80.50, 'active'),
    ('item_b', 160.75, 'inactive'),
    ('item_c', 240.00, 'active');
INSERT INTO bench_table_9 (name, value, status) VALUES
    ('item_a', 90.50, 'active'),
    ('item_b', 180.75, 'inactive'),
    ('item_c', 270.00, 'active');
INSERT INTO bench_table_10 (name, value, status) VALUES
    ('item_a', 100.50, 'active'),
    ('item_b', 200.75, 'inactive'),
    ('item_c', 300.00, 'active');
INSERT INTO bench_table_11 (name, value, status) VALUES
    ('item_a', 110.50, 'active'),
    ('item_b', 220.75, 'inactive'),
    ('item_c', 330.00, 'active');
INSERT INTO bench_table_12 (name, value, status) VALUES
    ('item_a', 120.50, 'active'),
    ('item_b', 240.75, 'inactive'),
    ('item_c', 360.00, 'active');
INSERT INTO bench_table_13 (name, value, status) VALUES
    ('item_a', 130.50, 'active'),
    ('item_b', 260.75, 'inactive'),
    ('item_c', 390.00, 'active');
INSERT INTO bench_table_14 (name, value, status) VALUES
    ('item_a', 140.50, 'active'),
    ('item_b', 280.75, 'inactive'),
    ('item_c', 420.00, 'active');
INSERT INTO bench_table_15 (name, value, status) VALUES
    ('item_a', 150.50, 'active'),
    ('item_b', 300.75, 'inactive'),
    ('item_c', 450.00, 'active');
INSERT INTO bench_table_16 (name, value, status) VALUES
    ('item_a', 160.50, 'active'),
    ('item_b', 320.75, 'inactive'),
    ('item_c', 480.00, 'active');
INSERT INTO bench_table_17 (name, value, status) VALUES
    ('item_a', 170.50, 'active'),
    ('item_b', 340.75, 'inactive'),
    ('item_c', 510.00, 'active');
INSERT INTO bench_table_18 (name, value, status) VALUES
    ('item_a', 180.50, 'active'),
    ('item_b', 360.75, 'inactive'),
    ('item_c', 540.00, 'active');
INSERT INTO bench_table_19 (name, value, status) VALUES
    ('item_a', 190.50, 'active'),
    ('item_b', 380.75, 'inactive'),
    ('item_c', 570.00, 'active');
INSERT INTO bench_table_20 (name, value, status) VALUES
    ('item_a', 200.50, 'active'),
    ('item_b', 400.75, 'inactive'),
    ('item_c', 600.00, 'active');

GRANT SELECT ON bench_table_1 TO readonly_role;
GRANT SELECT ON bench_table_2 TO readonly_role;
GRANT SELECT ON bench_table_3 TO readonly_role;
GRANT SELECT ON bench_table_4 TO readonly_role;
GRANT SELECT ON bench_table_5 TO readonly_role;
GRANT SELECT ON bench_table_6 TO readonly_role;
GRANT SELECT ON bench_table_7 TO readonly_role;
GRANT SELECT ON bench_table_8 TO readonly_role;
GRANT SELECT ON bench_table_9 TO readonly_role;
GRANT SELECT ON bench_table_10 TO readonly_role;
GRANT SELECT ON bench_table_11 TO readonly_role;
GRANT SELECT ON bench_table_12 TO readonly_role;
GRANT SELECT ON bench_table_13 TO readonly_role;
GRANT SELECT ON bench_table_14 TO readonly_role;
GRANT SELECT ON bench_table_15 TO readonly_role;
GRANT SELECT ON bench_table_16 TO readonly_role;
GRANT SELECT ON bench_table_17 TO readonly_role;
GRANT SELECT ON bench_table_18 TO readonly_role;
GRANT SELECT ON bench_table_19 TO readonly_role;
GRANT SELECT ON bench_table_20 TO readonly_role;
GRANT SELECT ON bench_table_21 TO readonly_role;
GRANT SELECT ON bench_table_22 TO readonly_role;
GRANT SELECT ON bench_table_23 TO readonly_role;
GRANT SELECT ON bench_table_24 TO readonly_role;
GRANT SELECT ON bench_table_25 TO readonly_role;
GRANT SELECT ON bench_table_26 TO readonly_role;
GRANT SELECT ON bench_table_27 TO readonly_role;
GRANT SELECT ON bench_table_28 TO readonly_role;
GRANT SELECT ON bench_table_29 TO readonly_role;
GRANT SELECT ON bench_table_30 TO readonly_role;
GRANT SELECT ON bench_table_31 TO readonly_role;
GRANT SELECT ON bench_table_32 TO readonly_role;
GRANT SELECT ON bench_table_33 TO readonly_role;
GRANT SELECT ON bench_table_34 TO readonly_role;
GRANT SELECT ON bench_table_35 TO readonly_role;
GRANT SELECT ON bench_table_36 TO readonly_role;
GRANT SELECT ON bench_table_37 TO readonly_role;
GRANT SELECT ON bench_table_38 TO readonly_role;
GRANT SELECT ON bench_table_39 TO readonly_role;
GRANT SELECT ON bench_table_40 TO readonly_role;
GRANT SELECT ON bench_table_41 TO readonly_role;
GRANT SELECT ON bench_table_42 TO readonly_role;
GRANT SELECT ON bench_table_43 TO readonly_role;
GRANT SELECT ON bench_table_44 TO readonly_role;
GRANT SELECT ON bench_table_45 TO readonly_role;
GRANT SELECT ON bench_table_46 TO readonly_role;
GRANT SELECT ON bench_table_47 TO readonly_role;
GRANT SELECT ON bench_table_48 TO readonly_role;
GRANT SELECT ON bench_table_49 TO readonly_role;
GRANT SELECT ON bench_table_50 TO readonly_role;

-- End of generated fixture (1017 lines)
